review_year,compound_score,genre,num_reviews
2000,0.0,anime,0
2001,0.0,anime,0
2002,0.0,anime,0
2003,0.0,anime,0
2004,0.0,anime,0
2005,0.160272,anime,25
2006,0.7351,anime,1
2007,0.37649999999999995,anime,2
2008,0.0,anime,0
2009,0.38845,anime,2
2010,0.0,anime,0
2011,0.0,anime,0
2012,0.0,anime,0
2013,0.0,anime,0
2014,0.0,anime,0
2015,0.0,anime,0
2016,0.0,anime,0
2017,0.0,anime,0
2018,0.5631214285714286,anime,14
2019,0.29086666666666666,anime,3
2020,0.0,anime,0
