review_year,compound_score,genre,num_reviews
2004,0.0,anime,1
2005,0.160272,anime,25
2006,0.7351,anime,1
2007,0.37649999999999995,anime,2
2009,0.38845,anime,2
2018,0.5631214285714286,anime,14
2019,0.29086666666666666,anime,3
